<refentry id="package...ebookread.getcontentloc">
 <refnamediv>
  <refname>
   <function>ebookRead::getContentLoc</function>
  </refname>
  <refpurpose>Gets the location of all the content inside of the epub.</refpurpose>
 </refnamediv>
 <refsynopsisdiv>
  <funcsynopsis>
   <funcsynopsisinfo>require_once &apos;/ebookRead.php&apos;;</funcsynopsisinfo>
   <funcprototype>
    <funcdef>
     string
     <function>ebookRead::getContentLoc</function>
    </funcdef>
    <paramdef />
   </funcprototype>
  </funcsynopsis>
 </refsynopsisdiv>
 <refsect1 id="package...ebookread.getcontentloc.desc">
  &title.desc;
  &notdocumented;
</refsect1>
 <refsect1 id="package...ebookread.getcontentloc.returns">
  &title.returns;
  <para>
   <emphasis>returns</emphasis>
   the file location of the content folder.
  </para>
 </refsect1>
 <refsect1 id="package...ebookread.getcontentloc.throws">
  &title.throws;
  <para>
   <emphasis>throws</emphasis>
   no exceptions thrown
  </para>
 </refsect1>
 <refsect1 id="package...ebookread.getcontentloc.note">
  &title.note;
  &note.notstatic;
</refsect1>
</refentry>
