<refentry id="package...ebookread.getfilepath">
 <refnamediv>
  <refname>
   <function>ebookRead::getFilePath</function>
  </refname>
  <refpurpose>Get a file path by extenshion</refpurpose>
 </refnamediv>
 <refsynopsisdiv>
  <funcsynopsis>
   <funcsynopsisinfo>require_once &apos;/ebookRead.php&apos;;</funcsynopsisinfo>
   <funcprototype>
    <funcdef>
     string
     <function>ebookRead::getFilePath</function>
    </funcdef>
    <paramdef>
     string
     <parameter>$ext</parameter>
    </paramdef>
   </funcprototype>
  </funcsynopsis>
 </refsynopsisdiv>
 <refsect1 id="package...ebookread.getfilepath.desc">
  &title.desc;
  &notdocumented;
</refsect1>
 <refsect1 id="package...ebookread.getfilepath.param">
  &title.param;
  <para>
   <variablelist>
    <varlistentry>
     <term>
      &type.string;
      <parameter>$ext</parameter>
     </term>
     <listitem>
      <para>The file exenshion of the file your looking for.</para>
     </listitem>
    </varlistentry>
   </variablelist>
  </para>
 </refsect1>
 <refsect1 id="package...ebookread.getfilepath.returns">
  &title.returns;
  <para>
   <emphasis>returns</emphasis>
   Null if there are no results, a single file path if only one file exists, or an array  of paths if more then one file by that extenshion exist.
  </para>
 </refsect1>
 <refsect1 id="package...ebookread.getfilepath.throws">
  &title.throws;
  <para>
   <emphasis>throws</emphasis>
   no exceptions thrown
  </para>
 </refsect1>
 <refsect1 id="package...ebookread.getfilepath.note">
  &title.note;
  &note.notstatic;
</refsect1>
</refentry>
