<refentry id="package...ebookwrite.ebookwrite">
 <refnamediv>
  <refname>
   constructor
   <function>ebookWrite::ebookWrite</function>
  </refname>
  <refpurpose>Constructor</refpurpose>
 </refnamediv>
 <refsynopsisdiv>
  <funcsynopsis>
   <funcsynopsisinfo>require_once &apos;/ebookWrite.php&apos;;</funcsynopsisinfo>
   <funcprototype>
    <funcdef>
     void      constructor
     <function>ebookWrite::ebookWrite</function>
    </funcdef>
    <paramdef>
     ebookData
     <parameter>
      <optional>$ebookData = &null;</optional>
     </parameter>
    </paramdef>
   </funcprototype>
  </funcsynopsis>
 </refsynopsisdiv>
 <refsect1 id="package...ebookwrite.ebookwrite.desc">
  &title.desc;
  &notdocumented;
</refsect1>
 <refsect1 id="package...ebookwrite.ebookwrite.param">
  &title.param;
  <para>
   <variablelist>
    <varlistentry>
     <term>
      <type>ebookData</type>
      <parameter>$ebookData</parameter>
     </term>
     <listitem>
      <para>Optional, give this writter a ebookData object for editing.</para>
     </listitem>
    </varlistentry>
   </variablelist>
  </para>
 </refsect1>
 <refsect1 id="package...ebookwrite.ebookwrite.throws">
  &title.throws;
  <para>
   <emphasis>throws</emphasis>
   no exceptions thrown
  </para>
 </refsect1>
 <refsect1 id="package...ebookwrite.ebookwrite.note">
  &title.note;
  &note.notstatic;
</refsect1>
</refentry>
