<refentry id="package...ebookwrite.setdcdescription">
 <refnamediv>
  <refname>
   <function>ebookWrite::setDcDescription</function>
  </refname>
  <refpurpose>Sets the description. Multiple instances are permitted.</refpurpose>
 </refnamediv>
 <refsynopsisdiv>
  <funcsynopsis>
   <funcsynopsisinfo>require_once &apos;/ebookWrite.php&apos;;</funcsynopsisinfo>
   <funcprototype>
    <funcdef>
     void
     <function>ebookWrite::setDcDescription</function>
    </funcdef>
    <paramdef>
     string
     <parameter>$description</parameter>
    </paramdef>
    <paramdef>
     int
     <parameter>
      <optional>$index = &null;</optional>
     </parameter>
    </paramdef>
   </funcprototype>
  </funcsynopsis>
 </refsynopsisdiv>
 <refsect1 id="package...ebookwrite.setdcdescription.desc">
  &title.desc;
  &notdocumented;
</refsect1>
 <refsect1 id="package...ebookwrite.setdcdescription.param">
  &title.param;
  <para>
   <variablelist>
    <varlistentry>
     <term>
      &type.string;
      <parameter>$description</parameter>
     </term>
     <listitem>
      <para>
       The description to be set. If you want set more then one description send
       an array into this parameter.
</para>
     </listitem>
    </varlistentry>
   </variablelist>
   <variablelist>
    <varlistentry>
     <term>
      &type.int;
      <parameter>$index</parameter>
     </term>
     <listitem>
      <para>
       if there is more then one instance of this item, specify it and that item
       will be edited.
</para>
     </listitem>
    </varlistentry>
   </variablelist>
  </para>
 </refsect1>
 <refsect1 id="package...ebookwrite.setdcdescription.throws">
  &title.throws;
  <para>
   <emphasis>throws</emphasis>
   no exceptions thrown
  </para>
 </refsect1>
 <refsect1 id="package...ebookwrite.setdcdescription.note">
  &title.note;
  &note.notstatic;
</refsect1>
</refentry>
