<refentry id="package...ebookwrite.setspinetoc">
 <refnamediv>
  <refname>
   <function>ebookWrite::setSpineToc</function>
  </refname>
  <refpurpose>
   Used to tell the spine what manifest item is the Table Of Contents. This
   does not need to  be set, this is optional.
</refpurpose>
 </refnamediv>
 <refsynopsisdiv>
  <funcsynopsis>
   <funcsynopsisinfo>require_once &apos;/ebookWrite.php&apos;;</funcsynopsisinfo>
   <funcprototype>
    <funcdef>
     void
     <function>ebookWrite::setSpineToc</function>
    </funcdef>
    <paramdef>
     $toc
     <parameter>$toc</parameter>
    </paramdef>
   </funcprototype>
  </funcsynopsis>
 </refsynopsisdiv>
 <refsect1 id="package...ebookwrite.setspinetoc.desc">
  &title.desc;
  &notdocumented;
</refsect1>
 <refsect1 id="package...ebookwrite.setspinetoc.param">
  &title.param;
  <para>
   <variablelist>
    <varlistentry>
     <term>
      <type>$toc</type>
      <parameter>$toc</parameter>
     </term>
     <listitem>
      <para>The manifest item that is the table of contents.</para>
     </listitem>
    </varlistentry>
   </variablelist>
  </para>
 </refsect1>
 <refsect1 id="package...ebookwrite.setspinetoc.throws">
  &title.throws;
  <para>
   <emphasis>throws</emphasis>
   no exceptions thrown
  </para>
 </refsect1>
 <refsect1 id="package...ebookwrite.setspinetoc.note">
  &title.note;
  &note.notstatic;
</refsect1>
</refentry>
